{"mae_months": [46.602699279785156, 31.786685943603516, 31.287982940673828, 30.95415496826172, 31.122026443481445, 30.953649520874023, 32.932861328125, 30.681791305541992, 30.970861434936523, 30.851123809814453, 30.459671020507812, 30.49100685119629, 30.191696166992188, 30.518701553344727, 30.664731979370117, 30.010644912719727, 30.009300231933594, 29.670427322387695, 30.292734146118164, 29.904296875, 31.01369857788086, 30.759845733642578, 30.420738220214844, 29.963417053222656, 30.241933822631836, 30.295372009277344, 29.844619750976562, 30.500883102416992, 30.627246856689453, 29.80215072631836, 29.69677734375, 29.856569290161133, 29.50798988342285, 30.11673355102539, 30.18686866760254, 30.71648406982422, 29.689048767089844, 29.407255172729492, 29.511547088623047, 29.30686378479004, 29.73256492614746, 29.746871948242188, 29.653038024902344, 29.53178596496582, 29.371858596801758, 29.578327178955078, 29.474578857421875, 29.37948989868164, 29.351993560791016, 29.584327697753906, 30.12049674987793, 29.226491928100586, 29.151260375976562, 29.487573623657227, 29.275041580200195, 29.765336990356445, 29.365488052368164, 29.443788528442383, 29.24053955078125, 28.99997329711914, 29.17157745361328, 29.264934539794922, 29.220199584960938, 29.477371215820312, 28.979469299316406, 29.094558715820312, 28.875099182128906, 29.199474334716797, 29.0135440826416, 29.113521575927734, 28.97538185119629, 29.027013778686523, 29.309938430786133, 29.049522399902344, 29.032278060913086, 29.049325942993164, 29.022315979003906], "loss": [3565.9048401898526, 1569.6681244548265, 1553.2977599774993, 1519.168345802454, 1537.0876727105194, 1523.6890263822625, 1729.497173848982, 1507.6424771698314, 1546.7698051015427, 1525.399644186593, 1496.2126902118246, 1500.7993261378017, 1470.3668946758035, 1504.498431826273, 1505.0694558653224, 1456.8177792506178, 1461.6838436985802, 1426.3100398534145, 1474.123806194161, 1447.7658302402315, 1532.1230788832866, 1519.0895674462095, 1493.907075968674, 1448.9300596479584, 1475.4706092942565, 1485.8751143779984, 1441.4636173163592, 1499.361804661274, 1509.7726788777936, 1428.7048980009483, 1427.8067828037442, 1448.7946429898961, 1408.7207405282318, 1459.7339165845465, 1471.561095662237, 1521.0375042385167, 1436.5377583946379, 1410.8148643024176, 1418.8234368701594, 1404.629388981426, 1422.8601349386763, 1424.8153010864644, 1426.334967287531, 1420.5489134632223, 1402.868611016922, 1418.7429194572385, 1416.0124944863146, 1401.9093678394365, 1405.5308697209043, 1420.3619019509774, 1465.9481315007797, 1393.789563094115, 1394.729200008632, 1400.5906269463103, 1389.0822723963015, 1430.292957805231, 1409.5735066172485, 1404.2003248944345, 1399.3991494520594, 1371.561128109347, 1381.433286031625, 1395.4612453732539, 1410.2829331196144, 1412.5923895445655, 1373.6423506338467, 1380.1489722965182, 1367.9743482493325, 1392.6501817193034, 1378.295765138474, 1389.175495782547, 1378.1987849344634, 1378.3566130462473, 1390.493500588333, 1382.667763406516, 1376.8584021804045, 1379.304921857447, 1373.125322328609], "lr": [0.800000011920929, 0.800000011920929, 0.800000011920929, 0.800000011920929, 0.800000011920929, 0.800000011920929, 0.800000011920929, 0.6399999856948853, 0.6399999856948853, 0.6399999856948853, 0.6399999856948853, 0.6399999856948853, 0.6399999856948853, 0.6399999856948853, 0.5119999647140503, 0.5119999647140503, 0.5119999647140503, 0.5119999647140503, 0.5119999647140503, 0.5119999647140503, 0.5119999647140503, 0.4095999598503113, 0.4095999598503113, 0.4095999598503113, 0.4095999598503113, 0.4095999598503113, 0.4095999598503113, 0.4095999598503113, 0.4095999598503113, 0.4095999598503113, 0.32767996191978455, 0.32767996191978455, 0.32767996191978455, 0.32767996191978455, 0.32767996191978455, 0.32767996191978455, 0.32767996191978455, 0.26214396953582764, 0.26214396953582764, 0.26214396953582764, 0.26214396953582764, 0.26214396953582764, 0.26214396953582764, 0.26214396953582764, 0.20971517264842987, 0.20971517264842987, 0.20971517264842987, 0.20971517264842987, 0.20971517264842987, 0.20971517264842987, 0.20971517264842987, 0.16777214407920837, 0.16777214407920837, 0.16777214407920837, 0.16777214407920837, 0.16777214407920837, 0.16777214407920837, 0.16777214407920837, 0.13421770930290222, 0.13421770930290222, 0.13421770930290222, 0.13421770930290222, 0.13421770930290222, 0.13421770930290222, 0.13421770930290222, 0.1073741689324379, 0.1073741689324379, 0.1073741689324379, 0.1073741689324379, 0.1073741689324379, 0.1073741689324379, 0.1073741689324379, 0.08589933812618256, 0.08589933812618256, 0.08589933812618256, 0.08589933812618256, 0.08589933812618256], "val_mae_months": [30.84584617614746, 22.73224449157715, 24.978906631469727, 22.159677505493164, 24.705596923828125, 22.70393943786621, 25.2545166015625, 22.59421157836914, 21.13075065612793, 24.851877212524414, 21.729944229125977, 24.172290802001953, 27.383033752441406, 22.706937789916992, 23.618555068969727, 22.10990333557129, 24.994998931884766, 23.485164642333984, 22.8745059967041, 25.48895835876465, 22.54189682006836, 21.766712188720703, 22.825090408325195, 26.334203720092773, 21.223770141601562, 25.494140625, 20.679689407348633, 30.428131103515625, 24.21603012084961, 27.14932632446289, 23.6627140045166, 21.86807632446289, 23.47021484375, 26.624526977539062, 26.91765594482422, 20.749914169311523, 22.58781623840332, 23.253463745117188, 22.70394515991211, 24.366886138916016, 22.891998291015625, 23.136798858642578, 24.602418899536133, 22.087310791015625, 22.496519088745117, 21.171138763427734, 22.331953048706055, 24.866649627685547, 24.601341247558594, 26.409074783325195, 26.362876892089844, 24.198657989501953, 30.456626892089844, 24.1643123626709, 25.655555725097656, 22.92658805847168, 22.96385383605957, 21.366701126098633, 21.880407333374023, 23.833433151245117, 24.303401947021484, 24.795398712158203, 22.600603103637695, 22.885976791381836, 22.46396255493164, 23.45955467224121, 23.264787673950195, 22.064992904663086, 23.996360778808594, 23.521381378173828, 23.485342025756836, 21.37788200378418, 23.2119140625, 24.473201751708984, 22.059574127197266, 23.08017921447754, 23.426456451416016], "val_loss": [1358.1103140024038, 809.814194899339, 967.5203200120193, 797.2159142127404, 958.1457096980168, 833.0065119816707, 1018.5354755108173, 826.2450514573318, 739.9418522761418, 1003.3523559570312, 775.4474111703726, 921.4484205979568, 1145.482689490685, 823.997309758113, 912.7132803109976, 798.6550011268029, 987.5208035982572, 910.224130483774, 853.379624586839, 1025.1700721153845, 826.3807466947115, 772.3001521183894, 838.8527268629807, 1079.27197265625, 746.1448927659255, 1030.1106755183293, 719.898432804988, 1348.3221247746394, 923.4622286283053, 1141.7686485877405, 901.2236609825721, 789.488539475661, 907.539306640625, 1086.1655836838943, 1114.637211726262, 721.2603759765625, 825.2452251727765, 869.2147357647235, 846.8454261192909, 951.4427959735577, 856.7892174353966, 867.9981079101562, 984.6763352614182, 792.6681330754207, 829.3425621619591, 743.7597327599159, 826.4297860952524, 992.0450439453125, 956.0421659029447, 1103.2845130333533, 1081.501474233774, 947.1872089092548, 1363.8433180588943, 945.0592322716346, 1049.7665217472957, 856.4722149188702, 868.8194861778846, 749.7146982046274, 795.5750122070312, 923.3047720102163, 950.1305166391226, 988.8084247295673, 847.0435274564303, 847.4444861778846, 830.0855478140024, 893.7875647911659, 873.2908982496995, 813.9679987980769, 942.1105769230769, 895.6412916917068, 897.044682429387, 759.0424100435697, 870.0719933143029, 963.0550631009615, 797.9867506760818, 873.8261906550481, 888.8562481219952]}